business_id,name,address,city,state,postal_code,latitude,longitude,stars,review_count,is_open,attributes,categories,hours,actual_review_count
6I_DA3uqOox50rBvjrQ_-g,Aloft Philadelphia Airport,4301 Island Ave,Philadelphia,PA,19153,39.8911246892,-75.2342512699,3.0,175,1,"{'WiFi': ""u'free'"", 'RestaurantsPriceRange2': '2', 'BusinessAcceptsCreditCards': 'True', 'DogsAllowed': 'True', 'BusinessAcceptsBitcoin': 'False'}","Event Planning & Services, Hotels & Travel, Hotels, Venues & Event Spaces","{'Monday': '0:0-0:0', 'Tuesday': '0:0-0:0', 'Wednesday': '0:0-0:0', 'Thursday': '0:0-0:0', 'Friday': '0:0-0:0', 'Saturday': '0:0-0:0', 'Sunday': '0:0-0:0'}",175
FppJo5aymUsfOg68uTOipw,The Inn at The Union League,1450 Sansom,Philadelphia,PA,19103,39.9502330538,-75.1651874081,3.5,19,1,"{'RestaurantsPriceRange2': '3', 'WiFi': ""u'free'"", 'BusinessAcceptsCreditCards': 'True'}","Hotels & Travel, Event Planning & Services, Hotels",,19
qluIWCzDpeZfddykm_2gYg,North American Motor Inns,4444 City Ave,Philadelphia,PA,19131,40.0031369,-75.2213329,1.0,25,1,"{'BusinessAcceptsCreditCards': 'True', 'RestaurantsPriceRange2': '1', 'WiFi': ""u'no'""}","Hotels, Event Planning & Services, Hotels & Travel, Caterers",,26
AAFofLiyt_K1Ar_eEuVc7g,Crowne Plaza Hotel Philadelphia Downtown,1800 Market St,Philadelphia,PA,19103,39.9528337,-75.1703455,3.0,59,0,"{'RestaurantsPriceRange2': '2', 'BusinessAcceptsCreditCards': 'True', 'WiFi': ""u'free'""}","Venues & Event Spaces, Hotels, Event Planning & Services, Hotels & Travel",,61
2oav5QoWgnvTI2gO5xFMjw,Kimpton Hotel Monaco Philadelphia,433 Chestnut St,Philadelphia,PA,19106,39.9491236494,-75.1488953439,4.0,499,1,"{'RestaurantsPriceRange2': '3', 'WiFi': ""u'free'"", 'BusinessAcceptsCreditCards': 'True', 'DogsAllowed': 'True'}","Hotels & Travel, Event Planning & Services, Venues & Event Spaces, Hotels, Wedding Planning","{'Monday': '0:0-0:0', 'Tuesday': '0:0-0:0', 'Wednesday': '0:0-0:0', 'Thursday': '0:0-0:0', 'Friday': '0:0-0:0', 'Saturday': '0:0-0:0', 'Sunday': '0:0-0:0'}",513
s1PNBO9o5jIgNd5YWUDLXQ,The Independent Hotel,1234 Locust St,Philadelphia,PA,19107,39.9477815,-75.162146,3.5,123,0,"{'BusinessAcceptsCreditCards': 'True', 'WiFi': ""u'free'"", 'RestaurantsPriceRange2': '2'}","Hotels, Hotels & Travel, Event Planning & Services","{'Monday': '0:0-0:0', 'Tuesday': '0:0-0:0', 'Wednesday': '0:0-0:0', 'Thursday': '0:0-0:0', 'Friday': '0:0-0:0', 'Saturday': '0:0-0:0', 'Sunday': '0:0-0:0'}",126
jTI5Xjk27An8ceJ6VwpXiQ,DoubleTree by Hilton Hotel Philadelphia Center City,237 S Broad St,Philadelphia,PA,19107,39.9479028004,-75.1640327275,3.0,338,1,"{'WiFi': ""u'paid'"", 'RestaurantsPriceRange2': '2', 'BusinessAcceptsCreditCards': 'True', 'BusinessAcceptsBitcoin': 'False', 'DogsAllowed': 'False'}","Hotels, Event Planning & Services, Caterers, Hotels & Travel","{'Monday': '0:0-0:0', 'Tuesday': '0:0-0:0', 'Wednesday': '0:0-0:0', 'Thursday': '0:0-0:0', 'Friday': '0:0-0:0', 'Saturday': '0:0-0:0', 'Sunday': '0:0-0:0'}",340
Pd-r2emx-k0GB3f2Iv4-zA,Roosevelt Inn,"7600 Roosevelt Blvd, Ste 1",Philadelphia,PA,19152,40.0507104,-75.0519427,2.0,12,1,"{'RestaurantsPriceRange2': '2', 'BusinessAcceptsCreditCards': 'True', 'WiFi': ""u'free'"", 'BusinessAcceptsBitcoin': 'False', 'DogsAllowed': 'False'}","Hotels & Travel, Event Planning & Services, Hotels","{'Monday': '0:0-0:0', 'Tuesday': '0:0-0:0', 'Wednesday': '0:0-0:0', 'Thursday': '0:0-0:0', 'Friday': '0:0-0:0', 'Saturday': '0:0-0:0', 'Sunday': '0:0-0:0'}",12
zJErbOQMKX-MwHs_ulV7DA,Philadelphia Marriott Old City,"One Dock St, 2nd and Walnut St",Philadelphia,PA,19106,39.9452460633,-75.1433300972,3.0,217,1,"{'RestaurantsPriceRange2': '3', 'BusinessAcceptsCreditCards': 'True', 'WiFi': ""u'paid'"", 'BusinessAcceptsBitcoin': 'False', 'DogsAllowed': 'True'}","Event Planning & Services, Hotels, Hotels & Travel, Venues & Event Spaces","{'Monday': '0:0-0:0', 'Tuesday': '0:0-0:0', 'Wednesday': '0:0-0:0', 'Thursday': '0:0-0:0', 'Friday': '0:0-0:0', 'Saturday': '0:0-0:0', 'Sunday': '0:0-0:0'}",222
SiHnuDYGCzm4NeMQILPyzw,Ramada Philadelphia Northeast,11580 Roosevelt Blvd,Philadelphia,PA,19116,40.1033326,-75.0051621,1.5,10,0,"{'GoodForKids': 'False', 'BusinessAcceptsCreditCards': 'True', 'RestaurantsReservations': 'True', 'Caters': 'False', 'WiFi': ""u'free'"", 'RestaurantsPriceRange2': '3', 'HasTV': 'True', 'Ambience': ""{'romantic': False, 'intimate': False, 'touristy': False, 'hipster': False, 'divey': False, 'classy': False, 'trendy': False, 'upscale': False, 'casual': False}""}","Event Planning & Services, Restaurants, Hotels, Hotels & Travel",,11
n4Ns3xLRhpkRwglwiQGKVA,Rodeway Inn Center City,1208 Walnut St,Philadelphia,PA,19107,39.948766,-75.161061,2.5,119,1,"{'BusinessAcceptsCreditCards': 'True', 'WiFi': ""u'free'"", 'RestaurantsPriceRange2': '2'}","Event Planning & Services, Hotels & Travel, Hotels","{'Monday': '0:0-0:0', 'Tuesday': '0:0-0:0', 'Wednesday': '0:0-0:0', 'Thursday': '0:0-0:0', 'Friday': '0:0-0:0', 'Saturday': '0:0-0:0', 'Sunday': '0:0-0:0'}",126
HF1YWT8QVR7095r-aLbV5g,Element Philadelphia,1441 Chestnut St,Philadelphia,PA,19102,39.9511572392,-75.1653848735,4.0,9,1,"{'BusinessAcceptsBitcoin': 'False', 'RestaurantsPriceRange2': '2', 'WiFi': ""u'free'"", 'BusinessAcceptsCreditCards': 'True', 'DogsAllowed': 'True'}","Hotels & Travel, Hotels, Event Planning & Services","{'Monday': '0:0-0:0', 'Tuesday': '0:0-0:0', 'Wednesday': '0:0-0:0', 'Thursday': '0:0-0:0', 'Friday': '0:0-0:0', 'Saturday': '0:0-0:0', 'Sunday': '0:0-0:0'}",9
TZhCpOoo4TIg7dgftWNKyQ,W Philadelphia,1439 Chestnut St,Philadelphia,PA,19102,39.9515202,-75.1650621,3.5,8,1,"{'BusinessAcceptsCreditCards': 'True', 'BusinessAcceptsBitcoin': 'False', 'WiFi': ""u'free'"", 'DogsAllowed': 'True'}","Hotels, Hotels & Travel, Event Planning & Services","{'Monday': '0:0-0:0', 'Tuesday': '0:0-0:0', 'Wednesday': '0:0-0:0', 'Thursday': '0:0-0:0', 'Friday': '0:0-0:0', 'Saturday': '0:0-0:0', 'Sunday': '0:0-0:0'}",8
CAnV18mOhhpQYlOqF40-Dw,Skyview Plaza Hotel,2033 Penrose Ave,Philadelphia,PA,19145,39.9124332,-75.1839978,1.0,24,0,"{'BusinessAcceptsCreditCards': 'True', 'WiFi': ""u'free'"", 'RestaurantsPriceRange2': '1'}","Event Planning & Services, Airports, Hotels, Hotels & Travel",,25
D5V0Fawd6ODVgqCY8xngsw,Loews Philadelphia Hotel,1200 Market St,Philadelphia,PA,19107,39.9517461,-75.1602286,3.5,505,1,"{'Caters': 'True', 'RestaurantsPriceRange2': '3', 'WiFi': ""u'paid'"", 'NoiseLevel': ""u'average'"", 'OutdoorSeating': 'False', 'GoodForKids': 'True', 'Alcohol': ""u'full_bar'"", 'RestaurantsDelivery': 'False', 'RestaurantsReservations': 'True', 'BusinessAcceptsCreditCards': 'True', 'RestaurantsAttire': ""u'casual'"", 'HasTV': 'True', 'BusinessParking': ""{'garage': False, 'street': False, 'validated': False, 'lot': False, 'valet': True}"", 'DogsAllowed': 'True'}","Event Planning & Services, Hotels & Travel, Restaurants, Hotels, Seafood",,512
HsBN0LiWQnbcltRIOWOslg,The Windsor Suites,1700 Benjamin Franklin Pkwy,Philadelphia,PA,19103,39.9557404,-75.1683553,3.5,172,1,"{'BusinessAcceptsCreditCards': 'True', 'RestaurantsPriceRange2': '2', 'WiFi': ""u'free'"", 'DogsAllowed': 'True'}","Hotels, Event Planning & Services, Hotels & Travel","{'Monday': '0:0-23:59', 'Tuesday': '0:0-23:59', 'Wednesday': '0:0-23:59', 'Thursday': '0:0-23:59', 'Friday': '0:0-23:59', 'Saturday': '0:0-23:59', 'Sunday': '0:0-23:59'}",177
CFlW9bfl4N63fZpQsZIkRQ,"The Logan Philadelphia, Curio Collection by Hilton",1 Logan Sq,Philadelphia,PA,19103,39.9569323,-75.1702705,3.5,211,1,"{'RestaurantsPriceRange2': '3', 'WiFi': ""u'free'"", 'BusinessAcceptsCreditCards': 'True'}","Hotels, Event Planning & Services, Nightlife, Hotels & Travel, Bars, Venues & Event Spaces","{'Monday': '0:0-0:0', 'Tuesday': '0:0-0:0', 'Wednesday': '0:0-0:0', 'Thursday': '0:0-0:0', 'Friday': '0:0-0:0', 'Saturday': '0:0-0:0', 'Sunday': '0:0-0:0'}",215
Q5-CkgsvtlRF5GphtoBFRQ,Live Casino Hotel,900 Packer Ave,Philadelphia,PA,19148,39.9091912,-75.1646617,2.5,10,1,,"Event Planning & Services, Hotels, Hotels & Travel, Burgers, American (Traditional), Restaurants","{'Monday': '0:0-0:0', 'Tuesday': '0:0-0:0', 'Wednesday': '0:0-0:0', 'Thursday': '0:0-0:0', 'Friday': '0:0-0:0', 'Saturday': '0:0-0:0', 'Sunday': '0:0-0:0'}",10
4ojRyf5RfZArkkE9U9bfNw,Hilton Philadelphia Airport,4509 Island Ave,Philadelphia,PA,19153,39.8888335,-75.2321604,2.5,56,0,"{'BusinessAcceptsCreditCards': 'True', 'WiFi': ""u'free'"", 'RestaurantsPriceRange2': '2'}","Hotels, Hotels & Travel, Event Planning & Services",,58
wDaZZM-R-DvhoWR8y8q0mg,Hampton Inn Philadelphia-International Airport,8600 Bartram Ave,Philadelphia,PA,19153,39.8882535601,-75.2463403344,3.0,79,1,"{'WiFi': ""u'free'"", 'BusinessAcceptsCreditCards': 'True', 'RestaurantsPriceRange2': '2'}","Event Planning & Services, Hotels & Travel, Hotels","{'Monday': '0:0-0:0', 'Tuesday': '0:0-0:0', 'Wednesday': '0:0-0:0', 'Thursday': '0:0-0:0', 'Friday': '0:0-0:0', 'Saturday': '0:0-0:0', 'Sunday': '0:0-0:0'}",80
rOQ6I3QglJeXev8Wsx9hkw,Hyatt Regency Philadelphia,"Penn's Landing, 201 S Columbus Blvd",Philadelphia,PA,19106,39.9453341,-75.1414441,3.5,122,0,"{'RestaurantsPriceRange2': '3', 'BusinessAcceptsCreditCards': 'True', 'WiFi': ""u'paid'""}","Hotels & Travel, Event Planning & Services, Hotels","{'Monday': '6:0-6:0', 'Tuesday': '6:0-6:0', 'Wednesday': '6:0-6:0', 'Thursday': '6:0-6:0', 'Friday': '6:0-6:0', 'Saturday': '6:0-6:0', 'Sunday': '6:0-6:0'}",123
_AVG0GvrMfBRK5jyuwSwrg,Motto By Hilton Philadelphia Rittenhouse Square,31 S 19th St,Philadelphia,PA,19103,39.9525065,-75.1717068,4.0,32,1,"{'WiFi': ""u'free'"", 'BusinessAcceptsCreditCards': 'True'}","Hotels & Travel, Event Planning & Services, Hotels","{'Monday': '0:0-0:0', 'Tuesday': '0:0-0:0', 'Wednesday': '0:0-0:0', 'Thursday': '0:0-0:0', 'Friday': '0:0-0:0', 'Saturday': '0:0-0:0', 'Sunday': '0:0-0:0'}",34
cdZf-iYQRy5D18gTM95aew,The Bellevue Hotel,200 S Broad St,Philadelphia,PA,19102,39.9491188,-75.1648441,3.5,168,1,"{'Ambience': ""{'romantic': False, 'intimate': False, 'touristy': False, 'hipster': False, 'divey': False, 'classy': False, 'trendy': False, 'upscale': False, 'casual': False}"", 'RestaurantsPriceRange2': '3', 'RestaurantsGoodForGroups': 'True', 'BusinessAcceptsCreditCards': 'True', 'WiFi': ""'free'"", 'RestaurantsAttire': ""u'dressy'"", 'DogsAllowed': 'True', 'RestaurantsDelivery': 'False'}","Hotels & Travel, Event Planning & Services, Restaurants, Hotels","{'Monday': '0:0-0:0', 'Tuesday': '0:0-0:0', 'Wednesday': '0:0-0:0', 'Thursday': '0:0-0:0', 'Friday': '0:0-0:0', 'Saturday': '0:0-0:0', 'Sunday': '0:0-0:0'}",169
jDds2solrdvoyK7sB97Eog,Fairfield Inn & Suites Philadelphia Downtown/Center City,261 South 13th Street,Philadelphia,PA,19107,39.9468905,-75.1623589,3.5,20,1,"{'BusinessAcceptsBitcoin': 'False', 'WheelchairAccessible': 'True', 'ByAppointmentOnly': 'False', 'WiFi': ""u'free'"", 'DogsAllowed': 'False', 'BusinessAcceptsCreditCards': 'True'}","Hotels & Travel, Venues & Event Spaces, Hotels, Event Planning & Services","{'Monday': '0:0-0:0', 'Tuesday': '0:0-0:0', 'Wednesday': '0:0-0:0', 'Thursday': '0:0-0:0', 'Friday': '0:0-0:0', 'Saturday': '0:0-0:0', 'Sunday': '0:0-0:0'}",20
KGBjEO-FilXoCK_Pk-jsvA,Penn's View Hotel,14 N Front St,Philadelphia,PA,19106,39.950201,-75.142285,4.0,108,1,"{'WiFi': ""u'free'"", 'RestaurantsPriceRange2': '2', 'BusinessAcceptsCreditCards': 'True'}","Hotels, Hotels & Travel, Event Planning & Services","{'Monday': '0:0-0:0', 'Tuesday': '0:0-0:0', 'Wednesday': '0:0-0:0', 'Thursday': '0:0-0:0', 'Friday': '0:0-0:0', 'Saturday': '0:0-0:0', 'Sunday': '0:0-0:0'}",108
NvaHGU03m-hvXIGScPe6WQ,Holiday Inn Express Philadelphia-Midtown,1305 Walnut St,Philadelphia,PA,19107,39.9493353797,-75.1626115157,3.5,85,1,"{'WiFi': ""u'free'"", 'BusinessAcceptsCreditCards': 'True', 'RestaurantsPriceRange2': '2'}","Hotels & Travel, Event Planning & Services, Hotels, Venues & Event Spaces","{'Monday': '0:0-0:0', 'Tuesday': '0:0-0:0', 'Wednesday': '0:0-0:0', 'Thursday': '0:0-0:0', 'Friday': '0:0-0:0', 'Saturday': '0:0-0:0', 'Sunday': '0:0-0:0'}",88
io4YNLvABJrFraEwtQBWqA,Philadelphia 201 Hotel,201 N 17th St,Philadelphia,PA,19103,39.9578348057,-75.1670997617,2.5,557,0,"{'BusinessAcceptsCreditCards': 'True', 'WiFi': ""u'paid'"", 'RestaurantsPriceRange2': '2', 'WheelchairAccessible': 'True', 'BusinessAcceptsBitcoin': 'False', 'DogsAllowed': 'False'}","Event Planning & Services, Hotels & Travel, Venues & Event Spaces, Hotels","{'Monday': '0:0-0:0', 'Tuesday': '0:0-0:0', 'Wednesday': '0:0-0:0', 'Thursday': '0:0-0:0', 'Friday': '0:0-0:0', 'Saturday': '0:0-0:0', 'Sunday': '0:0-0:0'}",569
iyZGLIhZffqIycfvBwTyCA,Best Western Center City,501 N 22nd St,Philadelphia,PA,19130,39.963091,-75.173804,2.0,24,0,"{'WiFi': ""u'free'"", 'BusinessAcceptsCreditCards': 'True', 'RestaurantsPriceRange2': '2'}","Hotels, Hotels & Travel, Event Planning & Services",,24
EgI6S-JxwpxICPsqmaggiw,Sofitel Philadelphia,120 S 17th St,Philadelphia,PA,19103,39.9509482,-75.1695409,4.0,373,1,"{'RestaurantsGoodForGroups': 'True', 'RestaurantsPriceRange2': '3', 'Alcohol': ""u'full_bar'"", 'BusinessAcceptsCreditCards': 'True', 'BusinessParking': ""{'garage': False, 'street': False, 'validated': False, 'lot': False, 'valet': True}"", 'WiFi': ""u'free'""}","Bars, Nightlife, Event Planning & Services, Hotels & Travel, Hotels, Lounges, Caterers","{'Monday': '6:0-5:30', 'Tuesday': '6:0-5:30', 'Wednesday': '6:0-5:30', 'Thursday': '6:0-5:30', 'Friday': '6:0-5:30', 'Saturday': '6:0-5:30', 'Sunday': '6:0-5:30'}",379
taVKq3N2vPxeNAHYDJAL5g,Cornerstone Bed & Breakfast,3300 Baring St,Philadelphia,PA,19104,39.9613129,-75.1899803,4.5,29,1,"{'WiFi': ""u'free'""}","Bed & Breakfast, Event Planning & Services, Hotels & Travel, Hotels","{'Monday': '8:30-20:30', 'Tuesday': '8:30-20:30', 'Wednesday': '8:30-20:30', 'Thursday': '8:30-20:30', 'Friday': '8:30-20:30', 'Saturday': '8:30-20:30', 'Sunday': '8:30-20:30'}",29
bjkA3ustWdg3EsTLRiUNKA,"The Inn at Penn, a Hilton Hotel",3600 Sansom St,Philadelphia,PA,19104,39.9537829039,-75.1957815881,4.0,118,1,"{'BusinessAcceptsCreditCards': 'True', 'WiFi': ""u'free'"", 'RestaurantsPriceRange2': '3'}","Hotels & Travel, Hotels, Event Planning & Services","{'Monday': '0:0-0:0', 'Tuesday': '0:0-0:0', 'Wednesday': '0:0-0:0', 'Thursday': '0:0-0:0', 'Friday': '0:0-0:0', 'Saturday': '0:0-0:0', 'Sunday': '0:0-0:0'}",120
5CCWbCvlxPCX3kLSSFTfEA,Chestnut Hill Tower Apartments,7600 Stenton Ave,Philadelphia,PA,19118,40.0732581,-75.1906974,2.0,17,1,"{'ByAppointmentOnly': 'True', 'BusinessAcceptsCreditCards': 'True'}","Hotels & Travel, Event Planning & Services, Apartments, Hotels, Home Services, Real Estate","{'Monday': '9:0-18:0', 'Tuesday': '9:0-18:0', 'Wednesday': '12:0-18:0', 'Thursday': '9:0-18:0', 'Friday': '9:0-18:0', 'Saturday': '10:0-17:0', 'Sunday': '12:0-17:0'}",23
3QPAh9VvYNTnqAFgBeBcng,Alexander Inn,301 S 12th St,Philadelphia,PA,19107,39.946396818,-75.1609669488,4.5,168,1,"{'WiFi': ""u'free'"", 'RestaurantsPriceRange2': '2', 'BusinessAcceptsCreditCards': 'True', 'BusinessAcceptsBitcoin': 'False', 'DogsAllowed': 'False'}","Event Planning & Services, Hotels & Travel, Bed & Breakfast, Hotels","{'Monday': '0:0-0:0', 'Tuesday': '0:0-0:0', 'Wednesday': '0:0-0:0', 'Thursday': '0:0-0:0', 'Friday': '0:0-0:0', 'Saturday': '0:0-0:0', 'Sunday': '0:0-0:0'}",171
Je10gqBQIqSvYNS8XGrYnw,Chez Colette,120 S 17th St,Philadelphia,PA,19103,39.9507208157,-75.1689343926,3.5,30,1,"{'BusinessAcceptsCreditCards': 'True', 'GoodForKids': 'False', 'RestaurantsGoodForGroups': 'True', 'BusinessParking': ""{'garage': False, 'street': False, 'validated': False, 'lot': False, 'valet': True}"", 'RestaurantsReservations': 'True', 'RestaurantsPriceRange2': '2', 'RestaurantsTakeOut': 'False', 'Ambience': ""{'romantic': False, 'intimate': False, 'touristy': False, 'hipster': False, 'divey': False, 'classy': True, 'trendy': False, 'upscale': False, 'casual': False}"", 'RestaurantsDelivery': 'False', 'BikeParking': 'False', 'RestaurantsAttire': ""u'casual'"", 'Alcohol': ""u'none'"", 'OutdoorSeating': 'False', 'WiFi': ""u'free'"", 'NoiseLevel': ""u'quiet'"", 'BusinessAcceptsBitcoin': 'False', 'Caters': 'True', 'HasTV': 'True', 'GoodForMeal': ""{'dessert': False, 'latenight': False, 'lunch': True, 'dinner': False, 'brunch': False, 'breakfast': True}"", 'Music': ""{'dj': False, 'background_music': False, 'no_music': False, 'jukebox': False, 'live': False, 'video': False, 'karaoke': False}""}","Restaurants, Hotels, Nightlife, Event Planning & Services, Hotels & Travel, Caterers, Breakfast & Brunch, French, Cocktail Bars, Bars","{'Tuesday': '7:0-11:0', 'Wednesday': '7:0-11:0', 'Thursday': '7:0-11:0', 'Friday': '7:0-11:0', 'Saturday': '7:0-11:0', 'Sunday': '7:0-12:0'}",32
sBZClv18j7gr1HIGIMXNcA,Hampton Inn Philadelphia Center City-Convention Center,1301 Race St,Philadelphia,PA,19107,39.9562835951,-75.1607483625,3.5,175,1,"{'WiFi': ""u'free'"", 'RestaurantsPriceRange2': '2', 'BusinessAcceptsCreditCards': 'True'}","Event Planning & Services, Hotels & Travel, Hotels","{'Monday': '0:0-0:0', 'Tuesday': '0:0-0:0', 'Wednesday': '0:0-0:0', 'Thursday': '0:0-0:0', 'Friday': '0:0-0:0', 'Saturday': '0:0-0:0', 'Sunday': '0:0-0:0'}",176
xcySfsPDols3EdtFC6b76g,Sheraton Philadelphia University City Hotel,3549 Chestnut St,Philadelphia,PA,19104,39.954872,-75.194173,2.5,149,1,"{'RestaurantsPriceRange2': '2', 'WiFi': ""u'free'"", 'BusinessAcceptsCreditCards': 'True', 'BusinessAcceptsBitcoin': 'False', 'DogsAllowed': 'True', 'ByAppointmentOnly': 'True'}","Hotels, Hotels & Travel, Venues & Event Spaces, Event Planning & Services","{'Monday': '0:0-0:0', 'Tuesday': '0:0-0:0', 'Wednesday': '0:0-0:0', 'Thursday': '0:0-0:0', 'Friday': '0:0-0:0', 'Saturday': '0:0-0:0', 'Sunday': '0:0-0:0'}",150
SEFujmfGZI08JWRyhIpYeQ,Embassy Suites by Hilton Philadelphia Airport,9000 Bartram Ave,Philadelphia,PA,19153,39.8838478195,-75.2497038245,2.5,170,1,"{'WiFi': ""u'free'"", 'RestaurantsPriceRange2': '2', 'BusinessAcceptsCreditCards': 'True'}","Hotels & Travel, Event Planning & Services, Hotels","{'Monday': '0:0-0:0', 'Tuesday': '0:0-0:0', 'Wednesday': '0:0-0:0', 'Thursday': '0:0-0:0', 'Friday': '0:0-0:0', 'Saturday': '0:0-0:0', 'Sunday': '0:0-0:0'}",176
zy2p8yfx_fgXMCCUo8nWsA,Sleep Inn Center City,1020 Cherry St,Philadelphia,PA,19107,39.9546067076,-75.157443872,3.5,45,1,"{'ByAppointmentOnly': 'True', 'WiFi': ""u'free'"", 'BusinessAcceptsCreditCards': 'True', 'RestaurantsPriceRange2': '1', 'DogsAllowed': 'False'}","Hotels & Travel, Hostels, Hotels, Event Planning & Services","{'Monday': '0:0-0:0', 'Tuesday': '0:0-0:0', 'Wednesday': '0:0-0:0', 'Thursday': '0:0-0:0', 'Friday': '0:0-0:0', 'Saturday': '0:0-0:0', 'Sunday': '0:0-0:0'}",45
yrpbZJblFvKpXSMvj--WVQ,Blue Cross RiverRink Winterfest,101 S Columbus Blvd,Philadelphia,PA,19106,39.9482667972,-75.1399237486,4.0,67,1,"{'RestaurantsReservations': 'False', 'Caters': 'True', 'HasTV': 'True', 'RestaurantsPriceRange2': '2', 'BusinessAcceptsBitcoin': 'False', 'BikeParking': 'True', 'RestaurantsTakeOut': 'False', 'WiFi': ""u'free'"", 'BusinessAcceptsCreditCards': 'True', 'BusinessParking': ""{'garage': False, 'street': True, 'validated': False, 'lot': True, 'valet': False}"", 'RestaurantsDelivery': 'False', 'NoiseLevel': ""u'loud'"", 'RestaurantsAttire': ""'casual'"", 'RestaurantsGoodForGroups': 'True', 'GoodForKids': 'True', 'OutdoorSeating': 'True', 'Alcohol': ""u'full_bar'"", 'GoodForMeal': ""{'dessert': False, 'latenight': True, 'lunch': False, 'dinner': True, 'brunch': False, 'breakfast': False}"", 'Music': ""{'dj': False, 'background_music': False, 'no_music': False, 'jukebox': False, 'live': False, 'video': False, 'karaoke': None}"", 'Ambience': ""{'touristy': None, 'hipster': False, 'romantic': True, 'divey': False, 'intimate': None, 'trendy': True, 'upscale': False, 'classy': False, 'casual': True}"", 'BestNights': ""{'monday': False, 'tuesday': False, 'friday': True, 'wednesday': True, 'thursday': False, 'sunday': False, 'saturday': True}""}","Nightlife, Skating Rinks, Restaurants, Hotels & Travel, Event Planning & Services, Bars, Comfort Food, Active Life, Hotels","{'Monday': '17:0-21:0', 'Tuesday': '17:0-21:0', 'Wednesday': '17:0-21:0', 'Thursday': '17:0-21:0', 'Friday': '17:0-23:0', 'Saturday': '11:0-23:0', 'Sunday': '11:0-21:0'}",67
JIrsBVXBPGeW5hRZvX7ZuA,Residence Inn by Marriott Philadelphia Center City,One East Penn Sq,Philadelphia,PA,19107,39.9526484795,-75.1624528099,3.5,145,1,"{'RestaurantsPriceRange2': '2', 'WiFi': ""u'free'"", 'BusinessAcceptsCreditCards': 'True', 'BusinessAcceptsBitcoin': 'False', 'DogsAllowed': 'True', 'WheelchairAccessible': 'True'}","Hotels & Travel, Event Planning & Services, Apartments, Home Services, Hotels, Real Estate, Venues & Event Spaces","{'Monday': '0:0-0:0', 'Tuesday': '0:0-0:0', 'Wednesday': '0:0-0:0', 'Thursday': '0:0-0:0', 'Friday': '0:0-0:0', 'Saturday': '0:0-0:0', 'Sunday': '0:0-0:0'}",147
bTNwrkDJ2HSIQo5egSX37g,Days Inn by Wyndham Philadelphia - Roosevelt Boulevard,4200 Roosevelt Blvd,Philadelphia,PA,19124,40.029927,-75.1062366,1.0,24,1,"{'RestaurantsPriceRange2': '1', 'WiFi': ""u'free'"", 'BusinessAcceptsCreditCards': 'True'}","Event Planning & Services, Hotels, Hotels & Travel",,26
HjewUoIXMm7yLu3aqQVTLg,Peking Inn,"2020 Penrose Ave, Ste D",Philadelphia,PA,19145,39.911958,-75.183405,2.5,13,1,"{'NoiseLevel': ""'average'"", 'GoodForKids': 'True', 'HasTV': 'True', 'RestaurantsAttire': ""u'casual'"", 'RestaurantsGoodForGroups': 'True', 'BikeParking': 'True', 'RestaurantsTakeOut': 'True', 'Ambience': ""{'romantic': False, 'intimate': False, 'classy': False, 'hipster': False, 'divey': False, 'touristy': False, 'trendy': False, 'upscale': False, 'casual': False}"", 'Caters': 'False', 'RestaurantsReservations': 'True', 'BusinessAcceptsBitcoin': 'False', 'BusinessAcceptsCreditCards': 'True', 'BusinessParking': ""{'garage': False, 'street': False, 'validated': False, 'lot': True, 'valet': False}"", 'RestaurantsPriceRange2': '2', 'WiFi': ""u'no'"", 'Alcohol': ""u'full_bar'"", 'RestaurantsDelivery': 'True', 'OutdoorSeating': 'False', 'HappyHour': 'False'}","Restaurants, Food, Beer, Wine & Spirits, Cantonese, Chinese, Hotels, Event Planning & Services, Hotels & Travel","{'Monday': '11:0-22:0', 'Tuesday': '11:0-22:0', 'Wednesday': '11:0-22:0', 'Thursday': '11:0-22:0', 'Friday': '11:0-0:0', 'Saturday': '11:0-0:0', 'Sunday': '14:0-22:0'}",14
THeEPb1SgJLhwMlWrxOeSQ,Four Points by Sheraton Philadelphia Northeast,9461 Roosevelt Blvd,Philadelphia,PA,19114,40.0783729453,-75.0292557658,2.5,100,1,"{'BusinessAcceptsCreditCards': 'True', 'RestaurantsPriceRange2': '2', 'WiFi': ""u'free'"", 'DogsAllowed': 'False', 'BusinessAcceptsBitcoin': 'False', 'WheelchairAccessible': 'True'}","Wedding Planning, Event Planning & Services, Venues & Event Spaces, Hotels & Travel, Caterers, Hotels","{'Monday': '0:0-0:0', 'Tuesday': '0:0-0:0', 'Wednesday': '0:0-0:0', 'Thursday': '0:0-0:0', 'Friday': '0:0-0:0', 'Saturday': '0:0-0:0', 'Sunday': '0:0-0:0'}",101
6VPD2WrgtD8h5UzjqaUnFA,Delmonico's Steakhouse,4200 City Ave,Philadelphia,PA,19131,40.004379,-75.218198,3.0,49,0,"{'OutdoorSeating': 'False', 'GoodForKids': 'False', 'Alcohol': ""u'full_bar'"", 'RestaurantsGoodForGroups': 'True', 'RestaurantsTakeOut': 'True', 'WiFi': ""'paid'"", 'RestaurantsPriceRange2': '3', 'RestaurantsDelivery': 'False', 'RestaurantsAttire': ""'dressy'"", 'NoiseLevel': ""u'quiet'"", 'BusinessAcceptsCreditCards': 'True', 'RestaurantsReservations': 'True', 'HasTV': 'True', 'BikeParking': 'False', 'GoodForMeal': ""{'dessert': False, 'latenight': False, 'lunch': False, 'dinner': False, 'brunch': False, 'breakfast': False}"", 'BusinessParking': ""{'garage': False, 'street': False, 'validated': False, 'lot': False, 'valet': True}"", 'Ambience': ""{'touristy': False, 'hipster': False, 'romantic': False, 'divey': False, 'intimate': None, 'trendy': False, 'upscale': None, 'classy': False, 'casual': None}""}","Hotels & Travel, Restaurants, Event Planning & Services, Bars, Nightlife, American (Traditional), Hotels, Steakhouses, Lounges","{'Monday': '17:0-22:0', 'Tuesday': '17:0-22:0', 'Wednesday': '17:0-22:0', 'Thursday': '17:0-22:0', 'Friday': '17:0-22:0', 'Saturday': '17:0-22:0'}",50
53ZvKaO19YS6Gt5x-va0BA,Extended Stay America - Philadelphia - Airport - Bartram Ave.,8880 Bartram Ave.,Philadelphia,PA,19153,39.8862681,-75.2480428,1.5,29,1,"{'RestaurantsPriceRange2': '2', 'BusinessAcceptsCreditCards': 'True', 'WiFi': ""u'free'""}","Home Services, Hotels, Real Estate, Apartments, Event Planning & Services, Hotels & Travel","{'Monday': '0:0-0:0', 'Tuesday': '0:0-0:0', 'Wednesday': '0:0-0:0', 'Thursday': '0:0-0:0', 'Friday': '0:0-0:0', 'Saturday': '0:0-0:0', 'Sunday': '0:0-0:0'}",29
-D_3emciINpjvYXsHCf8OA,AKA Rittenhouse Square,135 S 18th St,Philadelphia,PA,19103,39.9503652,-75.1704529,4.5,38,1,"{'RestaurantsPriceRange2': '3', 'BusinessAcceptsCreditCards': 'True', 'WiFi': ""u'free'"", 'ByAppointmentOnly': 'False'}","Real Estate, Home Services, Event Planning & Services, Hotels, Hotels & Travel, Apartments","{'Monday': '0:0-0:0', 'Tuesday': '0:0-0:0', 'Wednesday': '0:0-0:0', 'Thursday': '0:0-0:0', 'Friday': '0:0-0:0', 'Saturday': '0:0-0:0', 'Sunday': '0:0-0:0'}",39
kM0CewxK3Ize1SF92bfJYQ,Hilton Philadelphia at Penn's Landing,201 S Christopher Columbus Blvd,Philadelphia,PA,19106,39.9452425,-75.1413550139,3.5,186,1,"{'BusinessAcceptsCreditCards': 'True', 'WiFi': ""u'free'"", 'RestaurantsPriceRange2': '3', 'DogsAllowed': 'True'}","Hotels, Hotels & Travel, Event Planning & Services","{'Monday': '0:0-0:0', 'Tuesday': '0:0-0:0', 'Wednesday': '0:0-0:0', 'Thursday': '0:0-0:0', 'Friday': '0:0-0:0', 'Saturday': '0:0-0:0', 'Sunday': '0:0-0:0'}",188
VJpuuNZ8QXR2zTHIhB0yhw,The Westin Philadelphia,99 South 17th Street at Liberty Place,Philadelphia,PA,19103,39.951929,-75.168421,3.0,250,1,"{'Caters': 'True', 'RestaurantsReservations': 'True', 'OutdoorSeating': 'False', 'BusinessAcceptsBitcoin': 'False', 'RestaurantsGoodForGroups': 'False', 'NoiseLevel': ""u'very_loud'"", 'RestaurantsAttire': ""u'dressy'"", 'RestaurantsDelivery': 'False', 'RestaurantsTakeOut': 'True', 'Alcohol': ""u'full_bar'"", 'WiFi': ""u'paid'"", 'HasTV': 'True', 'BusinessAcceptsCreditCards': 'True', 'BusinessParking': ""{'garage': False, 'street': False, 'validated': False, 'lot': False, 'valet': False}"", 'GoodForKids': 'True', 'ByAppointmentOnly': 'False', 'RestaurantsPriceRange2': '2', 'Ambience': ""{'romantic': False, 'intimate': False, 'touristy': False, 'hipster': False, 'divey': False, 'classy': False, 'trendy': False, 'upscale': False, 'casual': False}"", 'DogsAllowed': 'True', 'WheelchairAccessible': 'True'}","Hotels & Travel, Venues & Event Spaces, Restaurants, Hotels, Event Planning & Services","{'Monday': '0:0-0:0', 'Tuesday': '0:0-0:0', 'Wednesday': '0:0-0:0', 'Thursday': '0:0-0:0', 'Friday': '0:0-0:0', 'Saturday': '0:0-0:0', 'Sunday': '0:0-0:0'}",254
HVOHC7EyUMYdgV7S6kd0uQ,Delta Hotels Philadelphia Airport,500 Stevens Dr,Philadelphia,PA,19113,39.8730999989,-75.2747963729,2.0,207,1,"{'RestaurantsPriceRange2': '2', 'BusinessAcceptsCreditCards': 'True', 'WiFi': ""u'paid'"", 'BusinessAcceptsBitcoin': 'False', 'DogsAllowed': 'False', 'WheelchairAccessible': 'True'}","Event Planning & Services, Hotels, Venues & Event Spaces, Hotels & Travel","{'Monday': '0:0-0:0', 'Tuesday': '0:0-0:0', 'Wednesday': '0:0-0:0', 'Thursday': '0:0-0:0', 'Friday': '0:0-0:0', 'Saturday': '0:0-0:0', 'Sunday': '0:0-0:0'}",208
hh6t95hiS-RqRt6bEz1SPw,Union League of Philadelphia,140 S Broad St,Philadelphia,PA,19102,39.949988,-75.1645963,4.0,72,1,"{'RestaurantsDelivery': 'False', 'BusinessAcceptsCreditCards': 'True', 'OutdoorSeating': 'False', 'RestaurantsPriceRange2': '4', 'RestaurantsReservations': 'True', 'Alcohol': ""u'full_bar'"", 'RestaurantsAttire': ""'formal'"", 'RestaurantsGoodForGroups': 'True', 'Caters': 'True', 'HasTV': 'True', 'GoodForKids': 'False', 'Ambience': ""{'touristy': False, 'hipster': False, 'romantic': False, 'divey': False, 'intimate': False, 'trendy': False, 'upscale': True, 'classy': True, 'casual': False}"", 'BusinessParking': ""{'garage': True, 'street': False, 'validated': False, 'lot': False, 'valet': True}"", 'RestaurantsTakeOut': 'False', 'NoiseLevel': ""'quiet'"", 'BikeParking': 'False', 'WiFi': ""u'free'"", 'WheelchairAccessible': 'True', 'GoodForMeal': ""{'dessert': None, 'latenight': False, 'lunch': True, 'dinner': True, 'brunch': None, 'breakfast': None}"", 'HappyHour': 'True', 'DogsAllowed': 'False', 'RestaurantsTableService': 'True'}","Hotels & Travel, Restaurants, Arts & Entertainment, American (Traditional), Hotels, American (New), Venues & Event Spaces, Social Clubs, Event Planning & Services","{'Monday': '0:0-0:0', 'Tuesday': '0:0-0:0', 'Wednesday': '0:0-0:0', 'Thursday': '0:0-0:0', 'Friday': '0:0-0:0', 'Saturday': '0:0-0:0', 'Sunday': '0:0-0:0'}",74
QMHd6Z2djm_SBLzGhLvFqw,Courtyard by Marriott Philadelphia South at The Navy Yard,1001 Intrepid Ave,Philadelphia,PA,19112,39.895454514,-75.1717264504,4.0,59,1,"{'BusinessAcceptsCreditCards': 'True', 'BusinessAcceptsBitcoin': 'False', 'WiFi': ""u'free'"", 'DogsAllowed': 'False', 'WheelchairAccessible': 'True', 'RestaurantsPriceRange2': '2'}","Event Planning & Services, Hotels & Travel, Hotels, Venues & Event Spaces","{'Monday': '0:0-0:0', 'Tuesday': '0:0-0:0', 'Wednesday': '0:0-0:0', 'Thursday': '0:0-0:0', 'Friday': '0:0-0:0', 'Saturday': '0:0-0:0', 'Sunday': '0:0-0:0'}",61
WTWhKHqkK_uwwSIFJK392g,The Latham Hotel Philadelphia,135 S 17th St,Philadelphia,PA,19103,39.9500916,-75.1689513,4.0,93,0,"{'RestaurantsPriceRange2': '2', 'BusinessAcceptsCreditCards': 'True', 'WiFi': ""u'free'""}","Event Planning & Services, Hotels & Travel, Beer, Wine & Spirits, Hotels, Food",,95
oZxSL3PFX15Lzr8cjszmgQ,AKA University City,2929 Walnut St,Philadelphia,PA,19104,39.951936,-75.183911,4.0,26,1,"{'BusinessAcceptsCreditCards': 'True', 'WheelchairAccessible': 'True', 'WiFi': ""'free'"", 'RestaurantsPriceRange2': '3'}","Real Estate, Apartments, Home Services, Venues & Event Spaces, Hotels, Event Planning & Services, Hotels & Travel","{'Monday': '0:0-0:0', 'Tuesday': '0:0-0:0', 'Wednesday': '0:0-0:0', 'Thursday': '0:0-0:0', 'Friday': '0:0-0:0', 'Saturday': '0:0-0:0', 'Sunday': '0:0-0:0'}",26
6gdAMPGsK0D_3u8h3A8H2A,The Warwick Hotel Rittenhouse Square,220 S 17th St,Philadelphia,PA,19103,39.9486999512,-75.1694030762,3.0,350,1,"{'WiFi': ""u'free'"", 'BusinessAcceptsCreditCards': 'True', 'ByAppointmentOnly': 'False', 'RestaurantsPriceRange2': '3', 'BusinessAcceptsBitcoin': 'False'}","Hotels & Travel, Hotels, Event Planning & Services, Caterers","{'Monday': '6:0-6:0', 'Tuesday': '6:0-6:0', 'Wednesday': '6:0-6:0', 'Thursday': '6:0-6:0', 'Friday': '6:0-6:0', 'Saturday': '6:0-6:0', 'Sunday': '6:0-6:0'}",353
9ZfznUSTt7f_HHHJw82qZA,Residence Inn Philadelphia Airport,4630 Island Avenue,Philadelphia,PA,19153,39.8884269,-75.2308759,3.0,17,0,"{'BusinessAcceptsCreditCards': 'True', 'RestaurantsPriceRange2': '2', 'WiFi': ""u'free'""}","Hotels, Hotels & Travel, Event Planning & Services",,17
grwQ0HSdvZBSUPzHCijk6Q,Holiday Inn Philadelphia Historic District,400 Arch St,Philadelphia,PA,19106,39.9519755,-75.1471853,3.0,44,0,,"Event Planning & Services, Hotels & Travel, Hotels",,45
egk4EEv8KcmI6ZFyUieVeQ,Four Seasons Hotel Philadelphia at Comcast Center,1 N 19th St,Philadelphia,PA,19103,39.9550013332,-75.170976,4.0,33,1,{'BusinessAcceptsCreditCards': 'True'},"Day Spas, Beauty & Spas, Event Planning & Services, Hotels, Hotels & Travel","{'Monday': '0:0-0:0', 'Tuesday': '0:0-0:0', 'Wednesday': '0:0-0:0', 'Thursday': '0:0-0:0', 'Friday': '0:0-0:0', 'Saturday': '0:0-0:0', 'Sunday': '0:0-0:0'}",33
dSdnWJxvhLwvsDfRI1lKuQ,Residence Inn Philadelphia Airport,3701 Island Ave,Philadelphia,PA,19153,39.8957530955,-75.2363016307,4.0,18,1,"{'BusinessAcceptsCreditCards': 'True', 'RestaurantsPriceRange2': '2', 'WiFi': ""'free'""}","Hotels, Hotels & Travel, Event Planning & Services","{'Monday': '0:0-0:0', 'Tuesday': '0:0-0:0', 'Wednesday': '0:0-0:0', 'Thursday': '0:0-0:0', 'Friday': '0:0-0:0', 'Saturday': '0:0-0:0', 'Sunday': '0:0-0:0'}",18
1QlgJVS-WEb9KGS42sQMIA,ROOST Rittenhouse,1831 Chestnut St,Philadelphia,PA,19103,39.9520087,-75.1715201,4.0,5,1,"{'BusinessAcceptsBitcoin': 'False', 'BusinessAcceptsCreditCards': 'True', 'WiFi': ""u'free'"", 'DogsAllowed': 'True'}","Event Planning & Services, Hotels & Travel, Hotels","{'Monday': '0:0-0:0', 'Tuesday': '0:0-0:0', 'Wednesday': '0:0-0:0', 'Thursday': '0:0-0:0', 'Friday': '0:0-0:0', 'Saturday': '0:0-0:0', 'Sunday': '0:0-0:0'}",5
QX3g1tCeHvb_kIhLmtBj0A,Society Hill Hotel,301 Chestnut St,Philadelphia,PA,19106,39.9488102,-75.1461255,2.0,63,1,"{'RestaurantsPriceRange2': '1', 'BusinessAcceptsCreditCards': 'True', 'WiFi': ""u'free'""}","Hotels, Hotels & Travel, Bed & Breakfast, Event Planning & Services","{'Monday': '0:0-0:0', 'Tuesday': '0:0-0:0', 'Wednesday': '0:0-0:0', 'Thursday': '0:0-0:0', 'Friday': '0:0-0:0', 'Saturday': '0:0-0:0', 'Sunday': '0:0-0:0'}",63
TDLkD6gOkn1jJ93go1ZySQ,Sheraton Philadelphia Downtown,201 North 17th Street,Philadelphia,PA,19103,39.9570991,-75.1670329,2.5,21,1,,"Hotels, Hotels & Travel, Event Planning & Services",,21
mlb7G66nkwYddPBfldUtIQ,Lokal Hotel,139 N 3rd St,Philadelphia,PA,19106,39.9532548,-75.14479,4.5,13,1,"{'RestaurantsPriceRange2': '3', 'WiFi': ""u'free'"", 'BusinessAcceptsCreditCards': 'True'}","Hotels & Travel, Event Planning & Services, Hotels","{'Monday': '0:0-0:0', 'Tuesday': '0:0-0:0', 'Wednesday': '0:0-0:0', 'Thursday': '0:0-0:0', 'Friday': '0:0-0:0', 'Saturday': '0:0-0:0', 'Sunday': '0:0-0:0'}",13
Qy8eNnWB1bTYnvRQ9jgOOQ,Le Meridien Philadelphia,1421 Arch Street,Philadelphia,PA,19102,39.9548246,-75.1640644,3.5,305,1,"{'RestaurantsPriceRange2': '3', 'BusinessAcceptsCreditCards': 'True', 'WiFi': ""u'paid'""}","Event Planning & Services, Hotels & Travel, Hotels","{'Monday': '0:0-0:0', 'Tuesday': '0:0-0:0', 'Wednesday': '0:0-0:0', 'Thursday': '0:0-0:0', 'Friday': '0:0-0:0', 'Saturday': '0:0-0:0', 'Sunday': '0:0-0:0'}",315
z22MXGNyk8L2rOp0213cWA,Crowne Plaza Philadelphia West,4010 City Ave,Philadelphia,PA,19131,40.0069005941,-75.2109080648,2.5,75,0,"{'BusinessAcceptsCreditCards': 'True', 'RestaurantsPriceRange2': '2', 'WiFi': ""u'free'""}","Event Planning & Services, Hotels, Venues & Event Spaces, Hotels & Travel","{'Monday': '0:0-0:0', 'Tuesday': '0:0-0:0', 'Wednesday': '0:0-0:0', 'Thursday': '0:0-0:0', 'Friday': '0:0-0:0', 'Saturday': '0:0-0:0', 'Sunday': '0:0-0:0'}",76
jMqEQYBIztLtcvnTujfHUA,Hyatt Centric Center City Philadelphia,1620 Chancellor St,Philadelphia,PA,19103,39.9493052,-75.1689368,4.0,29,1,"{'DogsAllowed': 'True', 'BusinessAcceptsBitcoin': 'False', 'WheelchairAccessible': 'True', 'WiFi': ""u'free'"", 'BusinessAcceptsCreditCards': 'True'}","Hotels, Event Planning & Services, Venues & Event Spaces, Hotels & Travel","{'Monday': '0:0-0:0', 'Tuesday': '0:0-0:0', 'Wednesday': '0:0-0:0', 'Thursday': '0:0-0:0', 'Friday': '0:0-0:0', 'Saturday': '0:0-0:0', 'Sunday': '0:0-0:0'}",29
dkxCH6f6-YXsmfWDEiZs-Q,Hawthorn Suites By Wyndham Philadelphia Airport,4630 Island Avenue,Philadelphia,PA,19153,39.8884,-75.230898,2.0,57,1,"{'WiFi': ""'free'"", 'RestaurantsPriceRange2': '2', 'BusinessAcceptsCreditCards': 'True'}","Event Planning & Services, Hotels & Travel, Hotels",,58
lZX5_8qspEXtMJGFQ0-Mow,Philadelphia Marriott Downtown,"1201 Market Street, (guest entrance at 1200 Filbert Street).",Philadelphia,PA,19107,39.952534,-75.160578,3.0,595,1,"{'Alcohol': ""u'full_bar'"", 'RestaurantsTakeOut': 'True', 'RestaurantsDelivery': 'True', 'Caters': 'True', 'HasTV': 'True', 'WiFi': ""u'paid'"", 'OutdoorSeating': 'True', 'RestaurantsGoodForGroups': 'True', 'BusinessAcceptsCreditCards': 'True', 'GoodForKids': 'True', 'WheelchairAccessible': 'True', 'RestaurantsReservations': 'True', 'Ambience': ""{'romantic': False, 'intimate': False, 'touristy': False, 'hipster': False, 'divey': False, 'classy': False, 'trendy': False, 'upscale': True, 'casual': False}"", 'RestaurantsAttire': ""u'casual'"", 'BusinessAcceptsBitcoin': 'False', 'BusinessParking': ""{'garage': False, 'street': False, 'validated': False, 'lot': False, 'valet': True}"", 'DogsAllowed': 'False', 'NoiseLevel': ""u'average'"", 'RestaurantsPriceRange2': '2'}","Event Planning & Services, Hotels & Travel, Venues & Event Spaces, Hotels, Restaurants","{'Monday': '0:0-0:0', 'Tuesday': '0:0-0:0', 'Wednesday': '0:0-0:0', 'Thursday': '0:0-0:0', 'Friday': '0:0-0:0', 'Saturday': '0:0-0:0', 'Sunday': '0:0-0:0'}",609
toEYTrafM81UMo2GyCSxFw,Cambria Hotel Philadelphia Downtown Center City,219 South Broad Street,Philadelphia,PA,19107,39.9486052,-75.1640808,3.5,84,1,"{'WiFi': ""'free'"", 'BusinessAcceptsCreditCards': 'True', 'RestaurantsPriceRange2': '3'}","Hotels, Event Planning & Services, Hotels & Travel","{'Monday': '0:0-0:0', 'Tuesday': '0:0-0:0', 'Wednesday': '0:0-0:0', 'Thursday': '0:0-0:0', 'Friday': '0:0-0:0', 'Saturday': '0:0-0:0', 'Sunday': '0:0-0:0'}",87
M4y3CIkX3uG9HPN4ZNqD_g,The Franklin Residences,834 Chestnut St,Philadelphia,PA,19107,39.9493831,-75.1551309,5.0,8,1,"{'BusinessAcceptsCreditCards': 'True', 'RestaurantsPriceRange2': '3', 'BusinessAcceptsBitcoin': 'False', 'WiFi': ""u'free'"", 'WheelchairAccessible': 'True', 'ByAppointmentOnly': 'False', 'DogsAllowed': 'True'}","Hotels, Event Planning & Services, Home Services, Real Estate, Apartments, Hotels & Travel","{'Monday': '0:0-0:0', 'Tuesday': '0:0-0:0', 'Wednesday': '0:0-0:0', 'Thursday': '0:0-0:0', 'Friday': '0:0-0:0', 'Saturday': '0:0-0:0', 'Sunday': '0:0-0:0'}",8
lQwSrnzTxhssWHRGyq5rvQ,Wyndham Philadelphia Historic District,400 Arch St,Philadelphia,PA,19106,39.9520404,-75.147515,2.5,211,1,"{'WiFi': ""u'free'"", 'RestaurantsPriceRange2': '2', 'BusinessAcceptsCreditCards': 'True'}","Venues & Event Spaces, Hotels, Event Planning & Services, Hotels & Travel","{'Monday': '0:0-0:0', 'Tuesday': '0:0-0:0', 'Wednesday': '0:0-0:0', 'Thursday': '0:0-0:0', 'Friday': '0:0-0:0', 'Saturday': '0:0-0:0', 'Sunday': '0:0-0:0'}",217
VEsI9_aDFzIrk8wh0QCOAw,Hilton Philadelphia City Avenue,4200 City Ave,Philadelphia,PA,19131,40.004346,-75.21854,2.5,126,1,"{'Alcohol': ""u'full_bar'"", 'RestaurantsReservations': 'True', 'RestaurantsAttire': ""u'casual'"", 'GoodForKids': 'True', 'BusinessAcceptsCreditCards': 'True', 'RestaurantsDelivery': 'False', 'WiFi': ""'free'"", 'BusinessParking': ""{'garage': False, 'street': False, 'validated': False, 'lot': False, 'valet': True}"", 'RestaurantsTakeOut': 'False', 'Caters': 'True', 'RestaurantsGoodForGroups': 'True', 'Ambience': ""{'romantic': False, 'intimate': False, 'touristy': False, 'hipster': False, 'divey': False, 'classy': False, 'trendy': False, 'upscale': False, 'casual': False}"", 'OutdoorSeating': 'False', 'NoiseLevel': ""u'average'"", 'RestaurantsPriceRange2': '3', 'HasTV': 'True', 'DogsAllowed': 'False'}","Event Planning & Services, Hotels & Travel, Restaurants, Hotels","{'Monday': '0:0-0:0', 'Tuesday': '0:0-0:0', 'Wednesday': '0:0-0:0', 'Thursday': '0:0-0:0', 'Friday': '0:0-0:0', 'Saturday': '0:0-0:0', 'Sunday': '0:0-0:0'}",129
vAjNHtuCm1Pwu47PEOTwXA,Extended Stay America - Philadelphia - Airport - Tinicum Blvd.,9000 Tinicum Blvd,Philadelphia,PA,19153,39.8840025672,-75.2481961274,1.5,65,1,"{'WiFi': ""'free'"", 'BusinessAcceptsCreditCards': 'True', 'RestaurantsPriceRange2': '2'}","Event Planning & Services, Hotels & Travel, Hotels","{'Monday': '0:0-0:0', 'Tuesday': '0:0-0:0', 'Wednesday': '0:0-0:0', 'Thursday': '0:0-0:0', 'Friday': '0:0-0:0', 'Saturday': '0:0-0:0', 'Sunday': '0:0-0:0'}",66
sHumMO208xz2rMKYD-TrPA,Keystone Concierge,,Philadelphia,PA,19146,39.9396284,-75.1866396,4.5,38,1,"{'RestaurantsPriceRange2': '2', 'BusinessAcceptsCreditCards': 'True', 'ByAppointmentOnly': 'True'}","Personal Assistants, Event Planning & Services, Home Cleaning, Home Services, Hotels & Travel, Professional Services, Notaries, Local Services, Hotels","{'Monday': '0:0-0:0', 'Tuesday': '9:0-17:0', 'Wednesday': '9:0-17:0', 'Thursday': '9:0-17:0', 'Friday': '9:0-17:0', 'Saturday': '9:0-17:0', 'Sunday': '9:0-17:0'}",40
4UZgIeaRWuOj3Z6LNMyaDA,Morris House Hotel,225 S 8th St,Philadelphia,PA,19106,39.9473689,-75.1542873,4.0,57,1,"{'RestaurantsPriceRange2': '3', 'WiFi': ""u'free'"", 'BusinessAcceptsCreditCards': 'True'}","Hotels, Hotels & Travel, Event Planning & Services, Bed & Breakfast","{'Monday': '6:0-5:30', 'Tuesday': '6:0-5:30', 'Wednesday': '6:0-5:30', 'Thursday': '6:0-5:30', 'Friday': '6:0-5:30', 'Saturday': '6:0-5:30', 'Sunday': '6:0-5:30'}",58
KGvGSfvlWzurRu247ckEPw,Four Points by Sheraton Philadelphia City Center,1201 Race St,Philadelphia,PA,19107,39.9560366,-75.1591784,3.0,126,1,"{'RestaurantsPriceRange2': '2', 'BusinessAcceptsCreditCards': 'True', 'BusinessAcceptsBitcoin': 'False', 'DogsAllowed': 'False', 'WiFi': ""u'free'"", 'WheelchairAccessible': 'True'}","Hotels & Travel, Hotels, Event Planning & Services, Venues & Event Spaces","{'Monday': '0:0-0:0', 'Tuesday': '0:0-0:0', 'Wednesday': '0:0-0:0', 'Thursday': '0:0-0:0', 'Friday': '0:0-0:0', 'Saturday': '0:0-0:0', 'Sunday': '0:0-0:0'}",126
tvBz80VKCtWAVbA6VmJufg,Four Points by Sheraton Philadelphia Airport,4101A Island Ave,Philadelphia,PA,19153,39.8915307681,-75.2326749154,2.5,138,1,"{'BusinessAcceptsCreditCards': 'True', 'WiFi': ""u'free'"", 'RestaurantsPriceRange2': '2', 'BusinessAcceptsBitcoin': 'False', 'DogsAllowed': 'True'}","Event Planning & Services, Airports, Hotels & Travel, Hotels","{'Monday': '0:0-0:0', 'Tuesday': '0:0-0:0', 'Wednesday': '0:0-0:0', 'Thursday': '0:0-0:0', 'Friday': '0:0-0:0', 'Saturday': '0:0-0:0', 'Sunday': '0:0-0:0'}",142
SO8kTCSO5dP5KyaX1JHDiA,Minute Suites,Terminal A-B Link,Philadelphia,PA,19153,39.8789176098,-75.235748291,4.0,72,1,"{'BusinessAcceptsBitcoin': 'False', 'HasTV': 'True', 'WiFi': ""u'free'"", 'BusinessAcceptsCreditCards': 'True', 'RestaurantsPriceRange2': '3', 'Ambience': ""{'touristy': False, 'hipster': False, 'romantic': False, 'divey': False, 'intimate': True, 'trendy': False, 'upscale': False, 'classy': False, 'casual': True}"", 'OutdoorSeating': 'False', 'WheelchairAccessible': 'True', 'BikeParking': 'False', 'NoiseLevel': ""u'quiet'"", 'Open24Hours': 'True', 'RestaurantsReservations': 'True', 'Music': ""{'dj': False, 'background_music': False, 'no_music': False, 'jukebox': False, 'live': False, 'video': False, 'karaoke': False}"", 'Alcohol': ""'none'"", 'CoatCheck': 'False', 'RestaurantsGoodForGroups': 'False', 'DogsAllowed': 'True', 'Smoking': ""u'no'"", 'BusinessParking': ""{u'valet': False, u'garage': True, u'street': None, u'lot': None, u'validated': False}""}","Travel Services, Airports, Rest Stops, Airport Lounges, Hotels & Travel, Hotels, Event Planning & Services, Bars, Nightlife","{'Monday': '0:0-0:0', 'Tuesday': '0:0-0:0', 'Wednesday': '0:0-0:0', 'Thursday': '0:0-0:0', 'Friday': '0:0-0:0', 'Saturday': '0:0-0:0', 'Sunday': '0:0-0:0'}",72
X_AVbwQcF3dcSWP6TlErcw,"Independence Park Hotel, Bw Premier Collection",235 Chestnut St,Philadelphia,PA,19106,39.9486694089,-75.145468139,4.5,38,1,"{'RestaurantsPriceRange2': '2', 'WiFi': ""u'no'"", 'BusinessAcceptsCreditCards': 'True'}","Hotels & Travel, Vacation Rentals, Event Planning & Services, Hotels, Bed & Breakfast","{'Monday': '0:0-0:0', 'Tuesday': '0:0-0:0', 'Wednesday': '0:0-0:0', 'Thursday': '0:0-0:0', 'Friday': '0:0-0:0', 'Saturday': '0:0-0:0', 'Sunday': '0:0-0:0'}",38
55gCXlWDDCdttR3yRss1xw,The Rittenhouse Hotel,210 W Rittenhouse Sq,Philadelphia,PA,19103,39.9499125,-75.1736448,4.0,125,1,"{'WiFi': ""u'free'"", 'BusinessAcceptsCreditCards': 'True', 'RestaurantsReservations': 'True', 'HasTV': 'True', 'NoiseLevel': ""u'quiet'"", 'Caters': 'True', 'Ambience': ""{'romantic': False, 'intimate': False, 'touristy': False, 'hipster': False, 'divey': False, 'classy': True, 'trendy': False, 'upscale': False, 'casual': False}"", 'RestaurantsGoodForGroups': 'True', 'BusinessParking': ""{'garage': False, 'street': False, 'validated': False, 'lot': False, 'valet': False}"", 'OutdoorSeating': 'False', 'RestaurantsAttire': ""u'dressy'"", 'RestaurantsDelivery': 'False', 'RestaurantsPriceRange2': '3'}","Hotels & Travel, Event Planning & Services, Restaurants, Hotels","{'Monday': '0:0-0:0', 'Tuesday': '0:0-0:0', 'Wednesday': '0:0-0:0', 'Thursday': '0:0-0:0', 'Friday': '0:0-0:0', 'Saturday': '0:0-0:0', 'Sunday': '0:0-0:0'}",130
fJhOwBljOz3VJV-BhCB3hg,"Home2 Suites by Hilton Philadelphia - Convention Center, PA",1200 Arch St,Philadelphia,PA,19107,39.9536826978,-75.159804225,3.5,144,1,"{'WiFi': ""u'free'"", 'BusinessAcceptsCreditCards': 'True', 'RestaurantsPriceRange2': '2'}","Hotels & Travel, Hotels, Event Planning & Services","{'Monday': '0:0-0:0', 'Tuesday': '0:0-0:0', 'Wednesday': '0:0-0:0', 'Thursday': '0:0-0:0', 'Friday': '0:0-0:0', 'Saturday': '0:0-0:0', 'Sunday': '0:0-0:0'}",145
s7GZ95hHqmr9WreRU62iBQ,Chestnut Hill Hotel,8229 Germantown Ave,Philadelphia,PA,19118,40.0741672,-75.2030982,3.5,45,1,"{'RestaurantsPriceRange2': '3', 'BusinessAcceptsCreditCards': 'True', 'WiFi': ""u'free'""}","Event Planning & Services, Hotels, Hotels & Travel",,46
j7dMQazjHXoBTsbpw5B28Q,Courtyard by Marriott,4100 Presidential Blvd,Philadelphia,PA,19131,40.0071725342,-75.2110841091,3.5,54,1,"{'WiFi': ""'free'"", 'BusinessAcceptsCreditCards': 'True', 'RestaurantsPriceRange2': '2'}","Event Planning & Services, Hotels, Hotels & Travel",,55
kH2bJtlej-8oDv8KjsEzCg,Holiday Inn Philadelphia Stadium,900 Packer Ave,Philadelphia,PA,19148,39.9093697,-75.1646366,2.5,85,0,"{'RestaurantsPriceRange2': '2', 'BusinessAcceptsCreditCards': 'True', 'WiFi': ""u'free'""}","Hotels & Travel, Venues & Event Spaces, Hotels, Event Planning & Services","{'Monday': '0:0-0:0', 'Tuesday': '0:0-0:0', 'Wednesday': '0:0-0:0', 'Thursday': '0:0-0:0', 'Friday': '0:0-0:0', 'Saturday': '0:0-0:0', 'Sunday': '0:0-0:0'}",86
dvph41fD_t6Kd_ChSpmNSA,"The Ritz-Carlton, Philadelphia",10 Avenue of the Arts,Philadelphia,PA,19102,39.9514456414,-75.1641494036,3.5,328,1,"{'RestaurantsPriceRange2': '3', 'BusinessAcceptsCreditCards': 'True', 'WiFi': ""u'paid'"", 'WheelchairAccessible': 'True', 'BusinessAcceptsBitcoin': 'False', 'DogsAllowed': 'True'}","Caterers, Event Planning & Services, Hotels, Real Estate, Apartments, Hotels & Travel, Venues & Event Spaces, Home Services","{'Monday': '0:0-0:0', 'Tuesday': '0:0-0:0', 'Wednesday': '0:0-0:0', 'Thursday': '0:0-0:0', 'Friday': '0:0-0:0', 'Saturday': '0:0-0:0', 'Sunday': '0:0-0:0'}",337
TTgpKmTSJs1w60DJkWlLWw,Fairfield Inn by Marriott Philadelphia Airport,8800 Bartram Ave,Philadelphia,PA,19153,39.8868252585,-75.2476465702,3.0,58,1,"{'BusinessAcceptsCreditCards': 'True', 'RestaurantsPriceRange2': '2', 'WiFi': ""u'free'"", 'BusinessAcceptsBitcoin': 'False'}","Event Planning & Services, Hotels & Travel, Hotels","{'Monday': '0:0-0:0', 'Tuesday': '0:0-0:0', 'Wednesday': '0:0-0:0', 'Thursday': '0:0-0:0', 'Friday': '0:0-0:0', 'Saturday': '0:0-0:0', 'Sunday': '0:0-0:0'}",60
0bvtIbpsqBJZpRKSPwIfNw,Panorama,14 N Front St,Philadelphia,PA,19106,39.950201,-75.142285,4.0,324,1,"{'RestaurantsPriceRange2': '3', 'Alcohol': ""'full_bar'"", 'BusinessParking': ""{'garage': False, 'street': True, 'validated': False, 'lot': True, 'valet': False}"", 'RestaurantsGoodForGroups': 'True', 'WiFi': ""u'free'"", 'GoodForKids': 'False', 'RestaurantsAttire': ""'dressy'"", 'HasTV': 'True', 'RestaurantsReservations': 'True', 'GoodForMeal': ""{'dessert': None, 'latenight': False, 'lunch': False, 'dinner': True, 'brunch': False, 'breakfast': False}"", 'BikeParking': 'False', 'BusinessAcceptsCreditCards': 'True', 'Music': ""{'dj': False, 'background_music': False, 'no_music': False, 'jukebox': False, 'live': False, 'video': False, 'karaoke': False}"", 'GoodForDancing': 'False', 'DriveThru': 'False', 'Smoking': ""u'no'"", 'RestaurantsTakeOut': 'True', 'RestaurantsTableService': 'True', 'Caters': 'False', 'OutdoorSeating': 'True', 'WheelchairAccessible': 'True', 'Ambience': ""{'touristy': False, 'hipster': False, 'romantic': False, 'divey': False, 'intimate': True, 'trendy': False, 'upscale': False, 'classy': True, 'casual': False}"", 'BestNights': ""{'monday': True, 'tuesday': False, 'friday': True, 'wednesday': False, 'thursday': False, 'sunday': False, 'saturday': True}"", 'RestaurantsDelivery': 'True', 'HappyHour': 'True', 'CoatCheck': 'True', 'NoiseLevel': ""u'quiet'""}","Hotels & Travel, Bars, Food, Wine Bars, Beer, Wine & Spirits, Event Planning & Services, Nightlife, Hotels, Gluten-Free, Restaurants, Italian","{'Wednesday': '17:0-21:0', 'Thursday': '17:0-21:0', 'Friday': '17:0-22:0', 'Saturday': '15:0-22:0', 'Sunday': '17:0-19:30'}",333
X_1PaKwj4GhqwZ9Fi22WRA,"Homewood Suites by Hilton University City Philadelphia, PA",4109 Walnut St,Philadelphia,PA,19104,39.9546572,-75.205593,3.0,51,1,"{'RestaurantsPriceRange2': '2', 'BusinessAcceptsCreditCards': 'True', 'WiFi': ""u'free'""}","Event Planning & Services, Hotels & Travel, Hotels","{'Monday': '0:0-0:0', 'Tuesday': '0:0-0:0', 'Wednesday': '0:0-0:0', 'Thursday': '0:0-0:0', 'Friday': '0:0-0:0', 'Saturday': '0:0-0:0', 'Sunday': '0:0-0:0'}",51
NK0_YatQwVmIFJJyrdNNpQ,The Study at University City,20 S 33rd St,Philadelphia,PA,19104,39.9544058,-75.1900591,4.0,53,1,"{'WiFi': ""'free'"", 'RestaurantsPriceRange2': '2', 'BusinessAcceptsCreditCards': 'True'}","Hotels, Hotels & Travel, Event Planning & Services","{'Monday': '0:0-0:0', 'Tuesday': '0:0-0:0', 'Wednesday': '0:0-0:0', 'Thursday': '0:0-0:0', 'Friday': '0:0-0:0', 'Saturday': '0:0-0:0', 'Sunday': '0:0-0:0'}",53
xKyIOJsQdB387ESxUJhWxw,Rittenhouse 1715,1715 Rittenhouse Sq,Philadelphia,PA,19103,39.9484448,-75.1700653,4.0,37,0,"{'RestaurantsPriceRange2': '3', 'BusinessAcceptsCreditCards': 'True', 'WiFi': ""u'free'""}","Hotels, Hotels & Travel, Event Planning & Services, Bed & Breakfast","{'Monday': '0:0-0:0', 'Tuesday': '0:0-0:0', 'Wednesday': '0:0-0:0', 'Thursday': '0:0-0:0', 'Friday': '0:0-0:0', 'Saturday': '0:0-0:0', 'Sunday': '0:0-0:0'}",38
7WD63dyoVXKdCFb9ly5EhA,DoubleTree by Hilton Hotel Philadelphia Airport,4509 Island Ave,Philadelphia,PA,19153,39.8889615,-75.2325572,2.5,146,1,"{'BusinessAcceptsCreditCards': 'True', 'RestaurantsPriceRange2': '2', 'DogsAllowed': 'False', 'WiFi': ""u'free'""}","Hotels, Hotels & Travel, Event Planning & Services","{'Monday': '0:0-0:0', 'Tuesday': '0:0-0:0', 'Wednesday': '0:0-0:0', 'Thursday': '0:0-0:0', 'Friday': '0:0-0:0', 'Saturday': '0:0-0:0', 'Sunday': '0:0-0:0'}",148
vOzoWhLhsGyyR8DSvU3nNA,Parker-Spruce Hotel,261 S 13th St,Philadelphia,PA,19107,39.9469753,-75.1624159,2.0,5,0,"{'RestaurantsPriceRange2': '1', 'WiFi': ""u'no'"", 'BusinessAcceptsCreditCards': 'True'}","Hotels & Travel, Event Planning & Services, Hotels",,7
AXinWDle4ZYGtkdwqkBETQ,Penrose Hotel,2033 Penrose Ave,Philadelphia,PA,19145,39.912507,-75.18395,1.0,148,1,"{'RestaurantsPriceRange2': '3', 'BusinessAcceptsCreditCards': 'True', 'WiFi': ""u'free'""}","Event Planning & Services, Hotels, Hotels & Travel",,152
pFMGXlE1NwEXYPBgw3kRnA,Southern Inn,5741 Woodland Ave,Philadelphia,PA,19143,39.9326866,-75.2245579,4.0,12,1,"{'Ambience': ""{'romantic': False, 'intimate': False, 'classy': False, 'hipster': False, 'divey': False, 'touristy': False, 'trendy': False, 'upscale': False, 'casual': False}"", 'RestaurantsPriceRange2': '1', 'RestaurantsReservations': 'False', 'GoodForKids': 'True', 'Alcohol': ""'none'"", 'BusinessAcceptsCreditCards': 'True', 'WiFi': ""'no'"", 'RestaurantsGoodForGroups': 'True', 'HasTV': 'True', 'RestaurantsTakeOut': 'True', 'GoodForMeal': ""{'dessert': False, 'latenight': False, 'lunch': False, 'dinner': False, 'brunch': False, 'breakfast': False}"", 'OutdoorSeating': 'False', 'BikeParking': 'False', 'RestaurantsAttire': ""'casual'"", 'RestaurantsDelivery': 'None'}","Hotels, Event Planning & Services, Restaurants, Hotels & Travel, Breakfast & Brunch",,12
uTZNjhXe5yCTMuEEN_xwEQ,Philadelphia Hotel Bella Vista,752 S 10th St,Philadelphia,PA,19147,39.9403402,-75.1594404,3.5,29,1,"{'WiFi': ""u'free'"", 'RestaurantsPriceRange2': '1', 'BusinessAcceptsCreditCards': 'True'}","Hotels & Travel, Event Planning & Services, Bed & Breakfast, Hotels","{'Monday': '9:0-17:0', 'Tuesday': '9:0-17:0', 'Wednesday': '9:0-17:0', 'Thursday': '9:0-17:0', 'Friday': '9:0-17:0', 'Saturday': '9:0-15:0', 'Sunday': '9:0-13:0'}",29
EMviUh7Lud2nqnarrqi_tQ,Microtel Inn & Suites by Wyndham Philadelphia Airport,8840 Tinicum Boulevard,Philadelphia,PA,19153,39.8889605,-75.2457544,2.0,133,1,"{'WiFi': ""u'free'"", 'RestaurantsPriceRange2': '1', 'BusinessAcceptsCreditCards': 'True'}","Event Planning & Services, Hotels, Hotels & Travel",,134
EaBgGhjd8rB9KVvCXKaiAw,Aloft Philadelphia Downtown,101 North Broad St,Philadelphia,PA,19107,39.9546225,-75.1627921,3.5,104,1,"{'RestaurantsPriceRange2': '2', 'BusinessAcceptsCreditCards': 'True', 'BusinessAcceptsBitcoin': 'False', 'DogsAllowed': 'True', 'WheelchairAccessible': 'True', 'WiFi': ""'free'""}","Hotels & Travel, Hotels, Event Planning & Services, Venues & Event Spaces","{'Monday': '0:0-0:0', 'Tuesday': '0:0-0:0', 'Wednesday': '0:0-0:0', 'Thursday': '0:0-0:0', 'Friday': '0:0-0:0', 'Saturday': '0:0-0:0', 'Sunday': '0:0-0:0'}",106
JGhgV4FBAwMTr8w-_UcZJA,Omni Hotel at Independence Park,"401 Chestnut St, Ste 1",Philadelphia,PA,19106,39.9490605,-75.1477326,3.5,106,0,"{'BusinessAcceptsCreditCards': 'True', 'WiFi': ""u'free'"", 'RestaurantsPriceRange2': '3'}","Hotels & Travel, Event Planning & Services, Hotels","{'Monday': '0:0-0:0', 'Tuesday': '0:0-0:0', 'Wednesday': '0:0-0:0', 'Thursday': '0:0-0:0', 'Friday': '0:0-0:0', 'Saturday': '0:0-0:0', 'Sunday': '0:0-0:0'}",107
ZLjUCF2UaML7S5pSmn5BKg,Canopy by Hilton Philadelphia Center City,1180 Ludlow St,Philadelphia,PA,19107,39.9509385644,-75.1599574301,4.5,35,1,"{'WiFi': ""u'free'"", 'BusinessAcceptsCreditCards': 'True', 'BusinessAcceptsBitcoin': 'False', 'DogsAllowed': 'True', 'WheelchairAccessible': 'True'}","American (New), Hotels & Travel, Restaurants, Event Planning & Services, Venues & Event Spaces, Hotels","{'Monday': '0:0-0:0', 'Tuesday': '0:0-0:0', 'Wednesday': '0:0-0:0', 'Thursday': '0:0-0:0', 'Friday': '0:0-0:0', 'Saturday': '0:0-0:0', 'Sunday': '0:0-0:0'}",35
xV32Y7jne4duaM3H_r_ryQ,Holiday Inn Express Philadelphia - Penns Landing,100 N Columbus Blvd,Philadelphia,PA,19106,39.9528054,-75.140446,3.5,88,1,"{'RestaurantsPriceRange2': '2', 'WiFi': ""u'free'"", 'BusinessAcceptsCreditCards': 'True', 'ByAppointmentOnly': 'False'}","Event Planning & Services, Hotels, Venues & Event Spaces, Hotels & Travel","{'Monday': '0:0-0:0', 'Tuesday': '0:0-0:0', 'Wednesday': '0:0-0:0', 'Thursday': '0:0-0:0', 'Friday': '0:0-0:0', 'Saturday': '0:0-0:0', 'Sunday': '0:0-0:0'}",88
_BTdfZLpjdkdXwA-JuLwhw,The Conwell Inn,1331 Pollet Walk,Philadelphia,PA,19122,39.981812,-75.15764,3.5,25,1,"{'RestaurantsPriceRange2': '2', 'WiFi': ""u'free'"", 'BusinessAcceptsCreditCards': 'True'}","Hotels & Travel, Hotels, Event Planning & Services","{'Monday': '0:0-0:0', 'Tuesday': '0:0-0:0', 'Wednesday': '0:0-0:0', 'Thursday': '0:0-0:0', 'Friday': '0:0-0:0', 'Saturday': '0:0-0:0', 'Sunday': '0:0-0:0'}",25
YrbQ_OrRo-TYHnVw5y4Kew,Thomas Bond House,129 S 2nd St,Philadelphia,PA,19106,39.9474906,-75.1440147,4.5,35,1,"{'BusinessAcceptsCreditCards': 'True', 'WiFi': ""u'free'"", 'RestaurantsPriceRange2': '2'}","Bed & Breakfast, Event Planning & Services, Hotels & Travel, Hotels","{'Monday': '0:0-0:0', 'Tuesday': '0:0-0:0', 'Wednesday': '0:0-0:0', 'Thursday': '0:0-0:0', 'Friday': '0:0-0:0', 'Saturday': '0:0-0:0', 'Sunday': '0:0-0:0'}",36
lxIJfx79uxpR27Mly3lZ0Q,Penn Tower Hotel,3400 Civic Center Blvd,Philadelphia,PA,19104,39.948655197,-75.1919810278,1.5,6,1,"{'RestaurantsPriceRange2': '2', 'WiFi': ""u'no'"", 'BusinessAcceptsCreditCards': 'True'}","Event Planning & Services, Hotels, Hotels & Travel, Caterers",,6
_8QkK3WwGxNnn54Q1VTTcA,Leneghan's Crusader Inn,7412 Frankford Ave,Philadelphia,PA,19136,40.0382627,-75.0376145,5.0,5,1,"{'BusinessAcceptsCreditCards': 'True', 'RestaurantsPriceRange2': '1', 'WiFi': ""'free'"", 'RestaurantsGoodForGroups': 'True', 'BusinessParking': ""{'garage': False, 'street': False, 'validated': False, 'lot': False, 'valet': False}"", 'RestaurantsReservations': 'False', 'BikeParking': 'True', 'RestaurantsAttire': ""'casual'"", 'RestaurantsTakeOut': 'True', 'HasTV': 'True', 'OutdoorSeating': 'False', 'GoodForMeal': ""{'dessert': False, 'latenight': False, 'lunch': False, 'dinner': False, 'brunch': False, 'breakfast': False}"", 'Ambience': ""{'romantic': False, 'intimate': False, 'classy': False, 'hipster': False, 'divey': False, 'touristy': False, 'trendy': False, 'upscale': False, 'casual': False}"", 'RestaurantsDelivery': 'False'}","Bars, Nightlife, Chicken Wings, Hotels, Restaurants, Event Planning & Services, Hotels & Travel",,6
fUntC7lbyc2VR3np-29D4g,The Spa at The Logan,1 Logan Square,Philadelphia,PA,19103,39.956853,-75.169558,4.0,27,1,"{'WheelchairAccessible': 'True', 'BusinessParking': ""{'garage': False, 'street': False, 'validated': False, 'lot': False, 'valet': False}"", 'BusinessAcceptsCreditCards': 'True', 'WiFi': ""u'free'"", 'ByAppointmentOnly': 'True'}","Hotels & Travel, Hotels, Massage, Event Planning & Services, Day Spas, Beauty & Spas","{'Monday': '8:0-21:0', 'Tuesday': '8:0-21:0', 'Wednesday': '8:0-21:0', 'Thursday': '8:0-21:0', 'Friday': '8:0-21:0', 'Saturday': '8:0-21:0', 'Sunday': '8:0-21:0'}",28
UeoR9zNgHzBFFVvbq_44MQ,ROOST East Market,1199 Ludlow St,Philadelphia,PA,19107,39.9513351232,-75.1597861201,4.5,7,1,,"Apartments, Home Services, Real Estate, Hotels & Travel, Event Planning & Services, Hotels",,7
JKR09pJneafnwpUg0FNEzw,Hilton Garden Inn Philadelphia Center City,1100 Arch St,Philadelphia,PA,19107,39.9535723,-75.1580853,3.0,237,1,"{'Caters': 'False', 'Alcohol': ""u'full_bar'"", 'Ambience': ""{'romantic': False, 'intimate': False, 'touristy': False, 'hipster': False, 'divey': False, 'classy': False, 'trendy': False, 'upscale': False, 'casual': False}"", 'RestaurantsDelivery': 'False', 'GoodForKids': 'True', 'BusinessAcceptsCreditCards': 'True', 'RestaurantsGoodForGroups': 'True', 'BusinessParking': ""{'garage': True, 'street': False, 'validated': False, 'lot': False, 'valet': False}"", 'RestaurantsReservations': 'True', 'OutdoorSeating': 'False', 'RestaurantsAttire': ""u'casual'"", 'RestaurantsTakeOut': 'False', 'HasTV': 'True', 'RestaurantsPriceRange2': '2', 'WiFi': ""u'free'"", 'NoiseLevel': ""u'loud'"", 'RestaurantsTableService': 'True', 'WheelchairAccessible': 'True'}","Hotels & Travel, Bars, American (Traditional), Nightlife, Lounges, Hotels, Event Planning & Services, Restaurants, Venues & Event Spaces","{'Monday': '0:0-0:0', 'Tuesday': '0:0-0:0', 'Wednesday': '0:0-0:0', 'Thursday': '0:0-0:0', 'Friday': '0:0-0:0', 'Saturday': '0:0-0:0', 'Sunday': '0:0-0:0'}",241
S2ljhPVQb8wxIN98j0Stcw,Tokio Sushi Bistro & Bed & Breakfast,124 Lombard St,Philadelphia,PA,19147,39.9419748,-75.1448595,2.5,5,1,,"Hotels & Travel, Bed & Breakfast, Hotels, Event Planning & Services",,5
Kg0gJ_3lGToLjuXrLY12Ng,Embassy Suites by Hilton Philadelphia Center City,1776 Benjamin Franklin Pkwy,Philadelphia,PA,19103,39.9564224,-75.1688989,2.5,293,0,"{'WiFi': ""'free'"", 'RestaurantsPriceRange2': '2', 'BusinessAcceptsCreditCards': 'True'}","Event Planning & Services, Hotels & Travel, Hotels","{'Monday': '0:0-0:0', 'Tuesday': '0:0-0:0', 'Wednesday': '0:0-0:0', 'Thursday': '0:0-0:0', 'Friday': '0:0-0:0', 'Saturday': '0:0-0:0', 'Sunday': '0:0-0:0'}",296
YGVBacpj1YW4q69hlYKoVA,Sonesta Philadelphia Rittenhouse Square,1800 Market St,Philadelphia,PA,19103,39.9525251125,-75.1697713137,3.0,267,1,"{'WiFi': ""u'free'"", 'BusinessAcceptsCreditCards': 'True', 'RestaurantsPriceRange2': '2', 'DogsAllowed': 'False'}","Hotels, Event Planning & Services, Hotels & Travel","{'Monday': '0:0-0:0', 'Tuesday': '0:0-0:0', 'Wednesday': '0:0-0:0', 'Thursday': '0:0-0:0', 'Friday': '0:0-0:0', 'Saturday': '0:0-0:0', 'Sunday': '0:0-0:0'}",275
ppEDJRsyGcFqBw10STGDqw,Sheraton Suites Philadelphia Airport,4101 B Island Ave,Philadelphia,PA,19153,39.890563284,-75.2315340866,2.5,151,1,"{'WiFi': ""u'paid'"", 'RestaurantsPriceRange2': '2', 'BusinessAcceptsBitcoin': 'False', 'DogsAllowed': 'True', 'BusinessAcceptsCreditCards': 'True', 'WheelchairAccessible': 'True'}","Venues & Event Spaces, Event Planning & Services, Hotels & Travel, Hotels","{'Monday': '0:0-0:0', 'Tuesday': '0:0-0:0', 'Wednesday': '0:0-0:0', 'Thursday': '0:0-0:0', 'Friday': '0:0-0:0', 'Saturday': '0:0-0:0', 'Sunday': '0:0-0:0'}",153
mUWEmh14ZgOoSXp24Twntg,Manayunk Extended Stay,3937 Terrace St,Philadelphia,PA,19128,40.0229532,-75.21429,4.5,6,0,"{'BusinessAcceptsCreditCards': 'True', 'BusinessAcceptsBitcoin': 'False', 'ByAppointmentOnly': 'False', 'WiFi': ""u'free'"", 'RestaurantsPriceRange2': '2', 'DogsAllowed': 'False'}","Bed & Breakfast, Guest Houses, Hotels & Travel, Hotels, Event Planning & Services","{'Monday': '8:0-21:30', 'Tuesday': '8:0-21:0', 'Wednesday': '8:0-21:0', 'Thursday': '8:0-21:0', 'Friday': '8:0-21:0', 'Saturday': '8:0-21:0', 'Sunday': '8:0-21:0'}",6
1yK2rBeQH8tFEcTgOQ9CUQ,Ramada Philadelphia Southwest,2033 Penrose Avenue,Philadelphia,PA,19101,39.9124758,-75.1840924,1.5,30,0,"{'RestaurantsPriceRange2': '2', 'WiFi': ""'free'"", 'BusinessAcceptsCreditCards': 'True'}","Event Planning & Services, Hotels, Hotels & Travel",,30
0hVf3a0oq8ckB8JIDwSgig,Days Inn by Wyndham Philadelphia Convention Center,1227 Race Street,Philadelphia,PA,19107,39.956112,-75.1602156,2.0,51,1,"{'RestaurantsPriceRange2': '2', 'WiFi': ""u'free'"", 'BusinessAcceptsCreditCards': 'True'}","Hotels, Event Planning & Services, Hotels & Travel",,51
tPu6ZX94n260wQprRVohvA,Homewood Suites by Hilton Philadelphia-City Avenue,4200 City Ave,Philadelphia,PA,19131,40.0040060418,-75.217685797,3.0,51,1,"{'BusinessAcceptsCreditCards': 'True', 'WiFi': ""u'free'"", 'RestaurantsPriceRange2': '2'}","Hotels, Hotels & Travel, Event Planning & Services","{'Monday': '0:0-0:0', 'Tuesday': '0:0-0:0', 'Wednesday': '0:0-0:0', 'Thursday': '0:0-0:0', 'Friday': '0:0-0:0', 'Saturday': '0:0-0:0', 'Sunday': '0:0-0:0'}",52
d_AEJ6ekjX79tL5RZtwZ_g,ROOST Apartment Hotel,111 S 15th St,Philadelphia,PA,19102,39.9505683,-75.1657016,4.5,15,1,"{'WiFi': ""'free'"", 'BusinessAcceptsCreditCards': 'True', 'RestaurantsPriceRange2': '3', 'BusinessAcceptsBitcoin': 'False', 'DogsAllowed': 'True'}","Event Planning & Services, Hotels, Hotels & Travel","{'Monday': '0:0-0:0', 'Tuesday': '0:0-0:0', 'Wednesday': '0:0-0:0', 'Thursday': '0:0-0:0', 'Friday': '0:0-0:0', 'Saturday': '0:0-0:0', 'Sunday': '0:0-0:0'}",16
9VEnlasR3YppxZuDyUv3iA,Microtel Inn & Suites,8840 Tincm Ave,Philadelphia,PA,19102,39.88692,-75.24655,2.5,10,1,,"Hotels & Travel, Hotels, Event Planning & Services",,10
A9El2DdT9Qx2tfFc_f279A,Kimpton Hotel Palomar Philadelphia,117 S 17th St,Philadelphia,PA,19103,39.9508293,-75.1686289,4.0,444,1,"{'RestaurantsPriceRange2': '3', 'DogsAllowed': 'True', 'BusinessAcceptsCreditCards': 'True', 'WiFi': ""u'free'""}","Wedding Planning, Event Planning & Services, Venues & Event Spaces, Hotels & Travel, Hotels","{'Monday': '0:0-0:0', 'Tuesday': '0:0-0:0', 'Wednesday': '0:0-0:0', 'Thursday': '0:0-0:0', 'Friday': '0:0-0:0', 'Saturday': '0:0-0:0', 'Sunday': '0:0-0:0'}",454
rcjVayUW3WjF5CL-SBMy-A,Four Seasons Hotel,1 Logan Sq,Philadelphia,PA,19103,39.9568965248,-75.1696477306,4.0,121,0,"{'WiFi': ""u'free'"", 'BusinessParking': ""{'garage': False, 'street': False, 'validated': False, 'lot': False, 'valet': False}"", 'BusinessAcceptsCreditCards': 'True', 'RestaurantsPriceRange2': '4'}","Hotels & Travel, Beauty & Spas, Hotels, Event Planning & Services, Day Spas",,125
MdxSCDMlOPZ2peHIDUZSFg,Courtyard by Marriott Philadelphia Airport,8900 Bartram Ave,Philadelphia,PA,19153,39.8849770662,-75.2513694763,3.5,49,1,"{'BusinessAcceptsCreditCards': 'True', 'RestaurantsPriceRange2': '2', 'BusinessAcceptsBitcoin': 'False', 'WheelchairAccessible': 'True', 'DogsAllowed': 'False', 'WiFi': ""u'free'""}","Hotels & Travel, Event Planning & Services, Hotels, Venues & Event Spaces","{'Monday': '0:0-0:0', 'Tuesday': '0:0-0:0', 'Wednesday': '0:0-0:0', 'Thursday': '0:0-0:0', 'Friday': '0:0-0:0', 'Saturday': '0:0-0:0', 'Sunday': '0:0-0:0'}",49
ve6DA3l08JvhROGdjhYviA,Comfort Inn At Penns Landing,100 N Christopher Columbus Blvd,Philadelphia,PA,19106,39.9517693,-75.1405722,3.0,44,0,"{'BusinessAcceptsCreditCards': 'True', 'RestaurantsPriceRange2': '2', 'WiFi': ""u'free'""}","Hotels, Event Planning & Services, Hotels & Travel",,45
xTCSNzu7387VHOPO7DkEzA,"The Notary Hotel, Autograph Collection",21 N Juniper St,Philadelphia,PA,19107,39.9530827357,-75.1621869785,3.5,286,1,"{'BusinessAcceptsCreditCards': 'True', 'DogsAllowed': 'False', 'BusinessAcceptsBitcoin': 'False', 'WiFi': ""u'free'"", 'RestaurantsPriceRange2': '3', 'WheelchairAccessible': 'True'}","Caterers, Hotels & Travel, Event Planning & Services, Hotels, Venues & Event Spaces","{'Monday': '0:0-0:0', 'Tuesday': '0:0-0:0', 'Wednesday': '0:0-0:0', 'Thursday': '0:0-0:0', 'Friday': '0:0-0:0', 'Saturday': '0:0-0:0', 'Sunday': '0:0-0:0'}",288
BzYlrtKVKZ2YZV5mCMXBuw,The Franklin Hotel at Independence Park,401 Chestnut St,Philadelphia,PA,19106,39.9490544471,-75.1476610189,3.0,51,0,"{'BusinessAcceptsBitcoin': 'False', 'DogsAllowed': 'True', 'WiFi': ""'free'"", 'BusinessAcceptsCreditCards': 'True', 'WheelchairAccessible': 'True', 'RestaurantsPriceRange2': '2'}","Event Planning & Services, Venues & Event Spaces, Hotels, Hotels & Travel","{'Monday': '0:0-0:0', 'Tuesday': '0:0-0:0', 'Wednesday': '0:0-0:0', 'Thursday': '0:0-0:0', 'Friday': '0:0-0:0', 'Saturday': '0:0-0:0', 'Sunday': '0:0-0:0'}",52
Tb-TrnvMd0iSA2AMHLyGEQ,Best Western Plus Philadelphia Convention Center Hotel,1225 Vine St,Philadelphia,PA,19107,39.957823,-75.159432,2.5,36,1,"{'BusinessAcceptsCreditCards': 'True', 'RestaurantsPriceRange2': '3', 'WiFi': ""u'free'""}","Hotels, Hotels & Travel, Event Planning & Services","{'Monday': '0:0-0:0', 'Tuesday': '0:0-0:0', 'Wednesday': '0:0-0:0', 'Thursday': '0:0-0:0', 'Friday': '0:0-0:0', 'Saturday': '0:0-0:0', 'Sunday': '0:0-0:0'}",36
mKJZREPhvsVgHebHK8dFew,The Dwight D,256 S 16th St,Philadelphia,PA,19102,39.9479893,-75.1682766,4.5,21,1,"{'BusinessAcceptsCreditCards': 'True', 'WiFi': ""u'free'"", 'RestaurantsPriceRange2': '2'}","Event Planning & Services, Hotels & Travel, Hotels","{'Monday': '10:0-22:0', 'Tuesday': '10:0-22:0', 'Wednesday': '10:0-22:0', 'Thursday': '10:0-22:0', 'Friday': '10:0-22:0', 'Saturday': '10:0-22:0', 'Sunday': '10:0-22:0'}",21
8XtpIfn6bjrzKQraKuZHEQ,Renaissance Philadelphia Downtown Hotel,401 Chestnut St,Philadelphia,PA,19106,39.9490202,-75.1478095,3.0,46,1,"{'BusinessAcceptsBitcoin': 'False', 'RestaurantsPriceRange2': '3', 'BusinessAcceptsCreditCards': 'True', 'WiFi': ""u'free'"", 'WheelchairAccessible': 'True', 'DogsAllowed': 'True'}","Hotels, Hotels & Travel, Event Planning & Services, Venues & Event Spaces","{'Monday': '0:0-0:0', 'Tuesday': '0:0-0:0', 'Wednesday': '0:0-0:0', 'Thursday': '0:0-0:0', 'Friday': '0:0-0:0', 'Saturday': '0:0-0:0', 'Sunday': '0:0-0:0'}",46
d9T1Jgf4N2vY3dcMlnCgeA,Philadelphia Airport Marriott,"One Arrivals Road, Terminal B",Philadelphia,PA,19153,39.877788,-75.244411,3.0,176,1,"{'BusinessAcceptsCreditCards': 'True', 'RestaurantsPriceRange2': '3', 'DogsAllowed': 'False', 'BusinessAcceptsBitcoin': 'False', 'WiFi': ""u'free'"", 'WheelchairAccessible': 'True'}","Hotels, Hotels & Travel, Event Planning & Services, Venues & Event Spaces","{'Monday': '0:0-0:0', 'Tuesday': '0:0-0:0', 'Wednesday': '0:0-0:0', 'Thursday': '0:0-0:0', 'Friday': '0:0-0:0', 'Saturday': '0:0-0:0', 'Sunday': '0:0-0:0'}",179
4hM6GbEq5Jt-YZ0vRN1-Lw,The Gables,4520 Chester Ave,Philadelphia,PA,19143,39.9468926,-75.2121474,5.0,41,1,"{'RestaurantsPriceRange2': '3', 'WiFi': ""u'free'"", 'ByAppointmentOnly': 'True'}","Hotels & Travel, Bed & Breakfast, Hotels, Event Planning & Services","{'Monday': '0:0-0:0', 'Tuesday': '0:0-0:0', 'Wednesday': '0:0-0:0', 'Thursday': '0:0-0:0', 'Friday': '0:0-0:0', 'Saturday': '0:0-0:0', 'Sunday': '0:0-0:0'}",41
0FMOvA2Noq-gieWfnXB7aQ,Live! Casino & Hotel Philadelphia,900 Packer Ave,Philadelphia,PA,19148,39.9091912,-75.1646617,2.5,26,1,,"Event Planning & Services, Arts & Entertainment, Hotels & Travel, Casinos, Hotels","{'Monday': '0:0-0:0', 'Tuesday': '0:0-0:0', 'Wednesday': '0:0-0:0', 'Thursday': '0:0-0:0', 'Friday': '0:0-0:0', 'Saturday': '0:0-0:0', 'Sunday': '0:0-0:0'}",27
p6H295aQCbDJ80GcpqFvwA,Club Quarters Philadelphia,1628 Chestnut St,Philadelphia,PA,19103,39.9512939,-75.1684401,3.0,402,1,"{'RestaurantsPriceRange2': '2', 'BusinessAcceptsCreditCards': 'True', 'WiFi': ""u'free'""}","Hotels, Event Planning & Services, Hotels & Travel",,406
X7TvrNg6jY1Q0JHJXjlQ2g,ArtBar,1800 Market St,Philadelphia,PA,19103,39.9527827,-75.1703617,3.0,36,1,"{'BusinessAcceptsCreditCards': 'True', 'OutdoorSeating': 'True', 'RestaurantsPriceRange2': '2', 'RestaurantsGoodForGroups': 'True', 'BikeParking': 'True', 'Ambience': ""{'touristy': False, 'hipster': False, 'romantic': False, 'divey': False, 'intimate': False, 'trendy': False, 'upscale': False, 'classy': False, 'casual': True}"", 'NoiseLevel': ""'quiet'"", 'Caters': 'False', 'RestaurantsReservations': 'False', 'HappyHour': 'True', 'BusinessAcceptsBitcoin': 'False', 'HasTV': 'True', 'WheelchairAccessible': 'True', 'Smoking': ""u'no'"", 'Music': ""{'dj': False}"", 'Alcohol': ""'full_bar'"", 'RestaurantsDelivery': 'True', 'BestNights': ""{'monday': False, 'tuesday': False, 'friday': False, 'wednesday': False, 'thursday': False, 'sunday': False, 'saturday': True}"", 'GoodForDancing': 'False', 'DogsAllowed': 'False', 'WiFi': ""'free'"", 'BusinessParking': ""{'garage': False, 'street': False, 'validated': False, 'lot': False, 'valet': True}"", 'CoatCheck': 'False', 'RestaurantsTakeOut': 'True'}","Food, Hotels & Travel, Coffee & Tea, Event Planning & Services, Nightlife, Lounges, Hotels, Bars","{'Monday': '6:30-2:0', 'Tuesday': '6:30-2:0', 'Wednesday': '6:30-2:0', 'Thursday': '6:30-2:0', 'Friday': '6:30-2:0', 'Saturday': '6:30-2:0', 'Sunday': '6:30-2:0'}",36
